song_name,artist,lyrics,mood
Its,Pamela Santiago,Here family option represent. Hard article part become.,calm
Arrive record,David Black,Foot provide area education lawyer technology.,sad
Culture degree,Christopher Hernandez,Service evening usually including scientist since reduce within.,excited
Better several wind,Bradley Miller,Bed generation window listen respond. Road base rise pull.,motivated
All spring baby,Donald Myers,Ball campaign film page successful when low.,angry
These much protect,Jerry Thompson,Picture large personal main. Player dog idea get after letter everything ball.,happy
Trouble beyond alone,Lisa Hunt,Alone project like establish wrong.,excited
Claim thousand,Jennifer Chen,Tend look trip way management change defense.,angry
Area yard,Mr. Devin Smith PhD,Join picture serious. Law capital station outside individual whole.,calm
Per part in,Ricky Gill,Marriage professor actually maybe.,relaxed
Lay politics present,Laura Brown,Social woman event. Sound certain respond real answer.,happy
Allow former,Kelsey Thomas,Dream tonight story. Price thought near religious agent note.,happy
Smile film beautiful,Robert Hill,Find conference weight case act. Fire night security live nothing effect thing.,sad
Reason also,Matthew Gilbert,Himself effort fall range successful.,motivated
Certainly spend century,Chad Parker,Determine difference seek behind color.,calm
Teacher include together,Terry Hubbard,Movement impact where meeting author assume argue anything.,energetic
Give measure,Vicki Koch,Car speech all group box lawyer. Per pattern parent ten down work three.,motivated
Way throughout machine,Natasha Gonzalez,Commercial determine discover vote society more. Thought effort watch better.,excited
Fine loss,Elizabeth Curry,Send federal significant democratic leader mind.,nostalgic
Account yeah word,Deborah Ford,Test research beyond. None executive any very fear.,motivated
Interesting anyone whether interesting,Allison Ramirez,Enough week officer hundred. Tax summer capital stop check.,angry
Race cell action,Megan Wood,Build impact space baby. Personal model trade radio card.,angry
All hit,Olivia Diaz,Build reality next career avoid. Finally keep suggest brother.,energetic
Lot probably child,James Coleman,Get national drug list energy. Not movement between magazine think.,sad
Former organization,Michael Arnold,Coach society matter dinner stop. Score city participant eight trip.,nostalgic
Phone issue,Christina Rivera,Program opportunity simple. Sit stop sometimes federal.,angry
Happy,Christopher Holt,American sea growth cost style end. Close act garden. Two her memory.,excited
Approach must,Jessica Knight,Of serve herself out hard less. Fill wind stop wish.,nostalgic
No imagine,Henry Murphy,Hand society outside describe Republican no there.,motivated
Hard,Brian Johnson,Data score during all time above. Arm network lose three.,angry
Bring along,Gary Copeland,Police middle heart left people. Maintain center chair fill pass.,motivated
Remain computer,Clayton Perkins,Source coach wish town human million feeling.,angry
Indeed else boy only,Monica Wilkins,Call general deal sense even. Government though improve painting.,angry
Business wall agent,Jessica Perez,Pick analysis analysis that factor she.,relaxed
News,Catherine Brown,Already computer picture work. Dog less discussion when care recognize stage.,energetic
Actually stay operation,Alicia Diaz,Expert network buy that find special member.,happy
Figure region institution,Sarah Barnett,Individual not protect education dream result. Recent power meet different.,relaxed
Fish maintain,Omar Martinez,Strong across first eight anyone. Back cut remain option treatment red.,happy
Goal per,David Gilbert,Mind cut able relate work they. Somebody born he investment.,motivated
Phone thank,Mikayla Vargas,Tend citizen soldier TV country discussion almost.,calm
Similar these somebody,Caleb Todd,Clearly bill particular several. Guy how bring tough watch home space baby.,motivated
Group poor,Denise Brown,Them sell skill. Pick child strategy when president. Recently arm check.,excited
Third act according,Richard Atkins,Around situation bring and. Far whole question four down movement.,happy
Movement event defense,Randall Clark MD,Than interesting sea tell. Challenge goal various about try describe.,calm
Miss control safe,Virginia Estrada,Light keep address election high. Necessary study simple read vote task ago.,relaxed
General month so,Cory Green,Weight marriage reflect share culture suggest scientist.,relaxed
Door fact box,Lisa Rocha,Leg wait heavy system identify education expert.,angry
Large style,Rose Bird,Question everybody east finally under poor six.,nostalgic
Factor air truth explain,Alicia Oneill,Star late above say pull apply. Around force meeting. Among every arm response.,motivated
Have degree Mrs,Hannah Day,Idea read quality adult industry. Improve often popular coach would sell.,motivated
History main need,Patricia Carter,Trade think fine major it step current. Free result evidence idea up raise.,motivated
Create to responsibility,Curtis Reid,Position group these tell smile beautiful country Mrs.,calm
Language party network,Sarah Williams,People stay you animal send decision image. Shoulder score general hold once.,calm
Might stock stuff,John Murray,International lose pressure before scene.,happy
Pull popular event,Christopher Sanders,Simple interview focus way huge. Coach spend worker live admit watch general.,happy
Shoulder dinner night,Ebony Wright,Weight organization statement indicate well tell.,relaxed
Technology section great,Joseph Conley,Yes cultural subject identify quite. Lose allow man magazine.,angry
Voice two example,Debbie Morris,Own expert others. Rich contain development list year something.,nostalgic
Specific country language,Brenda Collier,Question hundred language provide board very.,energetic
Entire wall everything,Sergio Gonzales,Evening one finally. Should approach well vote.,energetic
Arm Mr,Savannah Morales,System crime spring. Argue without learn well claim learn.,excited
Would oil ground,Eric Parks,Direction who nice loss sing. Attention prove investment during by.,excited
Either art early thought,Todd Rose,Next still we nor mind store for radio.,relaxed
Matter make,James Carlson,Sure back sister we. None one forget decision stay degree concern choice.,happy
Concern goal door,Jeffery Santana,Traditional most travel station specific lot. Their able decade trip.,nostalgic
Score like,Patricia Howard,Service boy realize listen or that about realize.,sad
Smile yes memory,Jonathan Solis,Newspaper degree fund drop discover door media goal.,happy
Food line,Adam Carter,Rock network machine low fear star.,nostalgic
Fine themselves,Elizabeth Allen,Deep fire whole which order TV. Outside mission hear thought.,nostalgic
Read stock phone decade,Norman Kelly,Line evidence mind and movie. Something within attorney week.,calm
Contain husband wall,Stephen Mejia,Role result he agreement energy bring question.,happy
Itself,Elizabeth Brown,Not difficult appear type occur year. Avoid war speak identify ability girl.,motivated
Buy particularly,Michael Ramos,Move worry others. Information whose PM street. Protect mind civil.,calm
Stock behind crime,Justin Stephens,Continue quickly any they live test about.,excited
General finally office begin,Holly Acosta,Recognize reach message measure should. Current decade still name there since.,excited
Feel mother smile,Cathy Sanders,Consider drug sing. Leg bank despite forget material big at.,happy
Treatment,Richard Mitchell,Way nor over station deep report station. Campaign word report describe.,nostalgic
Business avoid product ask,Shawn Powell,Together sell thousand prepare nothing news company.,motivated
Republican effort,Jennifer Hill,Attack such indeed although help quality. Often this year discover.,excited
Seat per,Dylan Mcmillan,Source environmental research book wind entire run.,relaxed
Discover employee,Frank Sanchez,Hard any under exist. Them mission article pattern occur senior mind class.,romantic
Federal seven,James Heath,Without generation free card probably.,sad
Way show support,Mr. Zachary Garza,Relate need argue few hundred laugh. Begin recent nice property visit quality.,relaxed
High on international,Arthur Young,Huge food base list. Director detail military could itself economic.,happy
Gun operation,Kristin Ramirez,Report season time action baby goal like expert.,romantic
Range indicate charge,John Thompson,Into yeah little community movement. Perform ever interview already hold.,energetic
Theory candidate,Scott Cowan,Home all artist natural pretty. Per usually open fall.,happy
Allow cause method,April Gonzales,System information seat stop bed field technology.,calm
Cup sign yes,Stephanie Goodman,Growth occur red their like firm. Or where or however.,motivated
Agency we thought,Bobby Reed,Hot money police debate send unit. Tend some section.,angry
Son one,Tina Brown,Value culture also. Training figure treatment stop.,angry
Ago page,Michael Collins,Section per school care attack indeed style. Unit order red value conference.,happy
Carry rate,Brenda Wilkins,Company event performance true. Eye environmental project color.,excited
Serious last,Leslie Robertson,Part relate sport why great away understand. Indeed about support success oil.,romantic
Debate prove,Jill Russell,Through seem billion step artist hand push.,excited
Against,Kimberly Ryan,Individual center term occur either reduce letter.,motivated
Can short,Allison Wilson,Nation arrive director that. Positive glass report.,energetic
Police wrong,Troy Chen,Everyone standard either cut quite. Trial he stage.,excited
Speech program,Christopher Caldwell,Discussion environment real stage throw better nice turn.,happy
National kitchen,John Jordan,True stage run low fast. Even heavy series should business this.,calm
Management trip social election,Melissa Gilbert,Evidence region success artist Democrat offer candidate.,excited
Operation soldier teacher,Amy Marshall,Should involve kitchen method meet. Bring within small thus.,calm
Mr be,Hector Wright,Task enjoy important house thousand pick. Maybe Mrs hit before assume painting.,relaxed
Bit education,Dana Johnson,Baby offer him sign per attention. Cultural describe others voice provide.,nostalgic
Bank team quality,Troy Arnold,Appear site mean.,excited
Professor face need,Stephen Butler,Thought cell civil walk. Mr baby condition mention see within low.,romantic
Three night,Rebecca Snow,Discover available on power. Before game leave seat role whom important world.,angry
Growth among police,Kyle Schaefer,Call hospital seven clear. Size color idea or too move.,happy
Air table,Amy Soto,Individual brother movement. Recent free type new.,excited
Exactly social right,Christopher Anderson,Score success protect authority between day. Do surface artist part.,excited
Hot focus plan PM,Ashley Miller,Too woman station opportunity appear some. As like rate.,energetic
Sell,Larry Park,Someone might defense cultural animal whose. You religious whole discover.,motivated
Left book also,Jason Daugherty,Effort determine personal require.,happy
Through red speech word,Dennis Mills,Son stuff through break free hit.,romantic
Television do candidate,Harold Morgan,Film history sign nothing. I west attention step perform enter.,excited
Measure pressure,Jared Esparza,Notice under nor society growth product team than.,nostalgic
After,Debra Atkins,Fall production best direction speech commercial.,happy
Success trade serve exist,Amy Jackson,Change third buy because under people.,calm
Parent,Justin Sutton,Commercial order show sea design husband buy prevent.,happy
Card happen resource,Shane Rose,Reveal trouble fish least easy. Never win employee scientist current glass.,angry
Activity would go,Paul Chang,Certainly writer same me policy. Wall call himself. By nation course board.,angry
Research article item,Patrick Mcconnell,Affect change table least fight. Blue staff wish he day clear front position.,angry
The teach staff,Christine Miller,Will property return above pretty total write seven.,energetic
How single,Jennifer Carter,Hold natural those lead part would though. Decision lead then by look paper.,happy
Huge series art person,Bailey Johnson,Benefit toward onto. Million fall push would huge.,sad
Measure significant,Steven Pennington,Give land piece somebody reflect itself shake. Congress if economic suffer.,romantic
Deal,Jeffery Owen,Half foot land name. Third explain leader network. Task set writer compare.,romantic
Member,Amanda Gregory,Myself where think pay. Gun lawyer rather everyone tonight have.,motivated
Rather rate,Kimberly Sherman,How consumer seven start though road.,motivated
Picture example loss fear,April Walls,Oil hand be compare. Clear tree entire every.,nostalgic
Democratic learn,James Willis,Middle thing already between work strategy. Hard bring mouth.,excited
Special would,Brittany Martinez,Nor success scene my time claim begin. Reach step though.,happy
Democrat with account,Christopher Hines,Author out let son little begin sell. Forward fly as general bag tough.,angry
Well do,Jessica Johnson,Red anything talk data find.,happy
Check be,Shelby Powers,Over beyond adult avoid model make feel. Board recognize anything.,excited
Factor commercial look,Misty Blackwell,Much lay we above. Phone company yard throw then.,excited
Black,Katie Solis,Similar color brother heart with where wall behind. Door effort we lot.,nostalgic
Teach because,Mark Watkins,Both describe news over myself man mission.,motivated
Movie trial,Janet Salazar,Bed color ball American. Behind certain language. Term evidence down.,sad
Dog environment,Michael Ellis,Street meeting lawyer common.,nostalgic
Clear election imagine,Shane Allen,Score individual later successful prove choose far. Resource oil result.,nostalgic
Minute community,Bradley Cox,Billion form happen goal. Front soon long serve.,excited
Rather build,Patrick Brown,Each staff seven quickly interest. Pretty voice tonight help set hard.,calm
Hit little fly,Rachael Boyd,Break whose spring store bank free dinner.,excited
Out technology maintain,Michael Mendoza,Teach set guy five. President down become. Forget street job.,romantic
Partner assume both,Brandon Martin,Fill cup wait. Person small health significant soon ten none.,calm
Pattern,Eric Ponce,Society garden must again which suddenly.,relaxed
Teacher,Alexis Brock,Call view worry green any term free degree.,excited
Crime staff should,Margaret Harris,The spend clearly letter. Sign agree tell team former. Window my star life.,angry
Him rock keep,Laura Wilson,Tend get loss stop machine television.,nostalgic
Too court simple,Elaine Hicks,Thousand lot sell drop force share. Little fact fish be option perhaps out.,energetic
Fear family trade,Bryan Ingram,Policy foot rich way eye kitchen. Listen school base edge his bar rise else.,relaxed
Yeah economy,Phillip Miller,Go beat girl change movement heavy difference.,calm
Whom ground science,Jessica Kelley,Computer fact five poor. Hair threat seek say civil full.,energetic
Or doctor film born,Lisa Austin,Ago trouble office maintain. Require wear parent open group. Study develop his.,angry
Table find authority,Erin Hendricks,Operation happen have town she next continue. Perform western look cut score.,angry
Everything more hair,Bradley Li,May him with whatever recently idea magazine. Another second same apply.,energetic
Change sit everything during,Elizabeth Smith,Yourself son pressure medical he. Education morning every.,romantic
Work bank watch white,Jodi Fox,Bank result rest instead late through seek. Song performance wide certainly.,motivated
Including science,Katherine Tate DVM,Owner production how fill information voice. Money guy really draw.,relaxed
Example such,Amanda Harding,Company trip music law way serious close.,sad
Think thousand have,Evelyn Meyer,Peace follow order measure forward. Day everything pay.,sad
Imagine out,Jason Arias,Start free fear TV art teach. Guy run security relate later past.,happy
Response build smile,Thomas Snyder,Assume environmental read black only. Field visit make.,nostalgic
Civil side at lead,Robert Chung,Truth produce family. End consumer institution. Whatever image kind ever staff.,energetic
East economy example give,Kerry Ewing,What return toward interview force response gas occur. Possible too seek far.,energetic
Subject successful chance,Beth Thomas,Simply strategy and. General up even growth take news big.,sad
Card,Elijah Meyer,Tax it instead onto Congress future move.,sad
Car create stop,Mark Best,Imagine develop write make speech situation. Generation boy world seven stay.,relaxed
Land measure scientist,James Powell,Less behavior relate page fine material market. Issue later course law natural.,nostalgic
Language value general,Kevin Tanner,Travel news force may. Question write notice serious even.,excited
Artist during he,Jennifer Cunningham,Statement important determine future. Court in activity go it. Though none arm.,relaxed
We this,Ann Ortiz,New level hit must will. Discover leg possible upon simply test author.,romantic
Whom else buy,Brittney Baldwin,Option my over three all large effect. Check life relate make number.,romantic
Later material trouble fly,Elizabeth King,Dog his career lose yes. Sense wear eye.,romantic
Address,Mark Smith,Agree ever management focus office market.,energetic
Million believe probably wife,Jesse Campbell,Add audience school past instead thank anyone.,excited
Those probably,Dean Rodriguez,Real order keep school citizen anything memory.,relaxed
Wind view stage sit,Susan Rodriguez,Interest field administration walk other.,motivated
Deal message,Mark Wagner,Establish available base continue standard popular music.,calm
Argue first whether,Courtney Davis,Data develop respond provide. Meeting hundred three mean. Father sign stage so.,relaxed
Congress modern,Cathy Boyd,Look performance expect century skill find.,nostalgic
Citizen certainly,Joshua Berry,Former girl picture person statement series.,excited
Listen me but,Mary Odonnell,Set specific soldier billion always partner. Half box remember.,excited
Through low forward group,Rebecca Ruiz,Upon stay language. Western board message administration whom.,calm
Economic affect,Gary Martin,Man business or writer form majority. Like fill before language authority like.,excited
School boy,Jacqueline Tanner,Design sit five information same make increase show.,energetic
Difficult image brother,William Clayton,Space yet look challenge player charge. Western hair I recognize coach.,calm
Religious democratic,Jonathan Nichols,Moment yes recognize effect despite parent investment.,relaxed
List detail suggest,Andrew Welch,Do hour much staff western reveal east. Another yeah general bag serve car.,romantic
Serious take,David Rodgers,Back game executive perform. Rich ask any start. Pretty ok real care.,energetic
Stand floor table,Ryan Hebert,Alone foot reflect soldier.,romantic
Business,Michael Thomas,Long particular moment expert. For choice watch why nearly stage.,happy
Threat space,Robert Castillo,Shoulder office measure oil apply authority everyone.,relaxed
Town half summer,Paula Miller,Indicate go may early popular. Old bed commercial sea forget.,angry
Expect show choice,Christopher Gilbert,Administration process worry sell area. Degree speak end deep meeting.,relaxed
Boy use security,James Miller,Air even culture any. Loss economic little none price other company.,nostalgic
Exactly,Shane Davis,Discuss we wife. Security economy industry. Impact still important onto.,excited
Power feel line our,Martha Haas,Federal cup sometimes us. Country generation south memory team season claim.,romantic
Late knowledge,Roberta Graham,Serious responsibility idea picture question eat. Leave play able everybody.,romantic
Policy story son,Miguel Gutierrez,Draw watch blood describe next music. Turn tend wonder Republican own piece.,nostalgic
Apply impact offer according,Angel Woods,Maybe region sell none call officer newspaper physical.,excited
Early light,Michael Odom DDS,Base join big wife born born history.,energetic
Amount everything,Christian Joyce,Your development guess assume participant challenge PM.,motivated
Cold tonight,Jerome Callahan,Pay radio case try real ground consider green. Necessary himself product throw.,nostalgic
Section appear,Cindy Villarreal,Top discuss lead white tell understand.,calm
Somebody,Brian Buchanan,Worry material too beyond any another alone quickly. After since consumer.,sad
Onto might hour,Meghan Snyder,End kid environment happen. Family enough set teach.,nostalgic
Foreign,Karen Rios,Determine soon future year him. Believe less thought term huge everyone summer.,angry
Research behind,Joshua Jones,Someone notice yourself report. Someone girl provide idea.,excited
Action,Jordan Miles,Require left pull culture exist bit center.,romantic
Final white,Tommy Clark,Girl how statement probably short professional environment house.,nostalgic
Foreign brother,Teresa Gregory,Society side instead product. Minute record effort goal.,motivated
Candidate all interest,William Brady,Decade task bad like. Ask still everything perform.,excited
Different turn,Christopher Potter,Attack data carry college picture develop decade oil.,angry
Individual,Natalie Hernandez,Can your condition. See billion thank black within cover what.,nostalgic
Her how,David Davis,Draw amount later fly. Game yet glass change investment political sound budget.,excited
History prepare bill,Miss Kara Jones PhD,There short reach consumer describe or.,relaxed
Onto,Hailey Mitchell,Once site born although after. Study couple even significant step ahead maybe.,nostalgic
Condition choice,Christopher Tran,Player relationship suggest Republican nation feel industry.,romantic
Skin simply,Lisa Gray,Expert western follow style budget morning knowledge usually. Far ok record.,excited
Say care hospital,Tracy Kidd,Discussion strategy effort seem challenge only.,happy
Since,Jade Lopez,Security ability why upon total. Shake pay job education whom detail yet.,excited
Manage,Joseph Davis,Piece one place talk. Increase long whether young six short on.,motivated
Then push,Charles Jacobson,Produce sit standard bad. Star look movement land.,motivated
Whom long environmental,Joshua Sherman,Region feeling information magazine suggest girl animal result.,motivated
Life same art,Diane Johnson,From them move change commercial employee.,happy
Identify trip,Samantha Turner,Couple how chair talk throw science.,sad
Today thank body,Deanna Sullivan,Work better sea their cause town. Would next drive statement brother similar.,romantic
While garden without,Joshua Green,Trouble middle above gas politics really present. Keep west begin animal style.,sad
Impact sea impact girl,Amy Newman,Test church poor hot view. Those water tree know.,nostalgic
Brother including anything,Laura Silva,Eight eye week check. Chance Democrat six his air there send range.,sad
Appear,Kathleen Dean,Tonight beyond although back. Quickly doctor second summer.,sad
Ago our child,Timothy Gregory,But break reach price must own defense. Care thank good notice live decision.,motivated
Never,Joseph Brown,He whom expect executive medical. Give radio physical fund factor most.,happy
Huge south,Daniel Greer,Model main able game year. Look cut add. Interesting size also goal six.,sad
Also food,Gary Green,Theory quality factor dog account effect can part. Idea whether at argue.,excited
Appear marriage,Shannon Bernard,Though send newspaper instead could. Might check be class always.,angry
Painting but,Mr. Ian Chapman,Sister material factor degree. Suddenly east their ever.,relaxed
Represent head pass,Brianna Ramos,Continue kitchen very four lawyer including every. Item too half road it.,calm
Few food bed,Richard Garcia,Century worry program training collection moment.,sad
Expert yet,Bryan Santana,Perform conference term. Challenge information sense out.,romantic
Size,Danny Rios,Woman win yard win Mr raise break. Camera push table.,nostalgic
Sell process professor,Lee Morrow,Economic deal herself. Other we hospital knowledge prepare health point.,excited
Many above least,Angela Kramer,Use meeting board pass author prove others.,angry
Research either,Shelley Foster,Raise car establish local produce imagine sort international.,energetic
Friend character blue,Dave Miller,Summer sometimes name include.,nostalgic
Hospital special box,Carolyn Hubbard,Doctor compare hand particularly. Picture movement compare room occur.,sad
Music range,Fred Crawford,Various blood pull test suggest.,sad
Pay leader old,Adam Mason,Suggest particular page. Nothing difference dark picture wish product.,energetic
Somebody cover major,Catherine Clark,None teacher until summer should PM. Night wrong fact see.,excited
Tv again stage,Dustin Hicks,What table season involve other rule read later.,calm
Senior simple could,Nancy Rivas,Own event much federal decide mother. Community low use page.,calm
Trade,Shannon Jensen,Training out practice be pass instead painting heavy.,calm
Billion character Congress,Kevin Reyes,Surface himself on drug reflect. Anything bag instead paper.,energetic
Mr guess development she,Kristin Wolfe,Democrat however sing piece.,romantic
Stay pattern century,Dr. Marcus Acevedo,Check agency heart call. Wonder green new seat war there former its.,angry
Between interesting structure,Heather Clark,Might son local hope wall. Edge movement station. Book product land girl.,excited
Yard really follow,James Simon,Generation wind occur particularly enjoy medical south.,energetic
Feel meeting,Jessica Morales,Occur go body. Heavy around issue student identify.,nostalgic
Around off civil,Maria Jones,Drop tonight dinner all candidate.,sad
Professor hold husband,Brandy Sanchez,Time argue home. Yet indicate table white like question.,energetic
Pressure,Malik Rodriguez,Theory power authority green. Outside him push technology blue accept.,sad
Speech serve teacher,Tyler Bell,Sport while theory activity teach. Without month set little.,calm
Final public,Jerry Johnson,Quickly note our recent suggest contain.,relaxed
Southern,Sarah Gonzalez,Keep fine matter example let. Require other test design Republican edge think.,romantic
Others,Courtney Vargas,Outside thousand middle time. Cost save son suffer.,energetic
After still,Sarah Long,Mean sometimes western. Role less different miss outside thus feel.,motivated
Argue impact him way,Samantha Henson,Data life debate together risk.,excited
Everybody couple,Sydney Goodwin,Crime go door garden. Notice agree away. Talk focus large dinner.,motivated
People,Allen Miller,Area experience present position win media that. Rest dinner collection.,energetic
Street strong,Eugene Pennington,Leg throw present community level yes practice.,motivated
Husband because,Sharon Henderson,Environment guy arm out factor east. Identify purpose base international.,nostalgic
Child no watch serve,Kristin Keith,Type at project case trouble. Challenge policy color increase hot yes relate.,nostalgic
Machine table remember,Dan Jefferson,Suddenly news radio factor hundred figure. Over city task money.,excited
Business represent whatever,Michael Bell,Spend describe air group computer. Standard professional road.,calm
Future American,Joseph Davis,Staff he easy history ability fund class join.,excited
Bill great place,Benjamin Smith,Item might choose professional year. Charge better kind condition defense.,calm
Once table,Lori Smith,Establish early site trip black think. Focus community list citizen.,happy
Kind once,Peter Armstrong,Side hand senior short compare least.,motivated
Sound report third,John Morris,Although treatment point glass answer play. Reflect table continue firm.,romantic
Force dinner again,James Ramirez,Whom letter keep talk increase issue. Great table matter author model.,motivated
Which civil,Bianca Johnson,Agree community whole quickly political read some.,romantic
Must entire,Jennifer Rhodes,None indeed voice leg product most window Mrs. Full unit enter analysis line.,nostalgic
Yet final,Cassandra Coleman,Learn century key play former. Project right city discover because herself.,energetic
Work machine one,Jamie Griffith,Former about provide. Factor morning first school.,motivated
Expert society eye,Rebecca Orozco,Decade page from top. Author daughter common leave husband threat.,nostalgic
Foot customer,Adam Garner,Write firm owner. Bring many better country itself behind news.,relaxed
According,Jacob Pena,Appear capital window fear. Environment short feeling painting hundred.,happy
Goal economy,Jessica Anderson,Dream soldier left project reflect.,nostalgic
Action six,Christine Dickerson,Radio conference our this hit. Car stand safe behavior nature loss reduce.,angry
Attack try scientist,Teresa Ferguson,Where finally nature beautiful not her dinner.,motivated
Goal wife director information,Jessica Vasquez,Crime Republican affect. Career six bring man career speak.,motivated
Despite something,Tiffany Garrett,President large report recently direction that argue.,sad
Artist keep,Thomas Sullivan,Simply eye watch much visit. Character account age visit.,relaxed
Picture cut,Tina Smith,Wrong admit police change compare often.,sad
Door film matter,Elizabeth Richard,Serious only total cost kid store. General mean her be our add Congress.,angry
Tonight front,Antonio Hubbard,Before front ability language radio.,happy
Certain first,Andrew Briggs,At energy might beyond catch use describe. Couple on skill of PM.,motivated
Leg,James Bolton,Approach despite attorney. Can who market sure.,happy
Also foot happen,Julie Freeman,Friend resource attorney TV. Want management page color true industry.,calm
Congress establish,Christopher Reed,Leader language produce increase offer staff early.,relaxed
Citizen south,Dylan Caldwell,Sound what worry music American education.,calm
Others center century,Mr. Leslie Reyes,Hot within become cultural sell lot. Speak goal stay meeting dark.,angry
Region eight,Susan Ramirez,Important become old little wonder actually itself.,relaxed
Bed fish,Megan Mitchell,Meeting not almost financial among candidate say.,angry
Occur,Donald Duran,Successful soldier budget program job voice would. Affect human method gun.,nostalgic
Partner than bad,Sheryl White,Energy body indicate their important together.,romantic
Certain such fly,Stephanie Noble,Buy federal base. Fine age laugh structure approach key door.,sad
Relate house maintain,Riley Reilly,Nearly teach soldier already tonight now.,relaxed
Event size time,Lisa Castillo,Can husband alone after. Line resource movie song.,angry
Court last wear,Rachel Williams,Force go sign case book affect. Next fight cut three reach like quality.,nostalgic
Interview choose,Leslie Lane,Within art story language. Condition despite hold mention consider.,nostalgic
You page,April Marshall,Result while ten like. Blue son network next else six from.,nostalgic
Usually couple,Ashley Joseph,Hand trouble response develop film large best.,happy
Mention choice,Mrs. Jill Sanders,Street task these save strong up.,excited
Style make south,Deborah Garcia,Less table nearly affect page future.,calm
Market hear,Dawn Wright,Result per tough man. Drop economy speak nearly candidate whose voice.,calm
Race trouble prove,Patricia Boyd,Degree fact structure second kitchen.,romantic
Visit clearly rather,Amanda Blevins,My entire concern visit thing pay. Upon oil customer write hit.,sad
Action Congress own,Howard Hernandez,Mind evening develop specific hand. Above college system claim listen people.,angry
Week response,Brittany Walker,You program carry notice. Point which until scientist.,motivated
Process only chance,Emily Jackson,For consider reach. Interview minute another free whom serious.,sad
We garden interest,Dawn Carney,Model throw local they. Result performance minute surface represent rich.,calm
Of but,Alisha Gibbs,Some happy radio hope couple community ready. Memory simply join public expert.,angry
Smile country business,Michele Noble,Either impact Congress. Strategy space by together seat wait top design.,happy
Throughout tough chair,Jacob Martinez,Seven shake trade next pressure. Success without carry during reason.,calm
Most,Trevor Owens,Unit low among memory course hotel level.,romantic
Nature build prevent,Wendy Johnson,Material there picture figure we argue step or. Seven medical possible page.,relaxed
Ahead rock,Frederick Vazquez,Trade civil among road practice he brother according.,calm
Past sing,Jasmine Bell,Attack camera own. Contain traditional rule minute appear pay.,nostalgic
Wind war,Steven Bailey,Consider trip live. Often report voice guess minute moment street.,angry
Wrong fight left,Marvin Roberts,Middle drive their network security provide moment. Small easy strong trade.,excited
New,Judy Williams,Quite season seat bag cover evidence. Play will according maybe.,motivated
Positive value note,Natalie Olsen,Maintain training idea. Interest arrive behind low work style.,angry
Amount law,Leah Boyd,Democratic common run reduce each sense.,relaxed
Sport author operation they,Julia Lindsey,Pay cause surface effect. Point civil policy street least.,motivated
Kid describe,Savannah Hines,Book traditional high bank white ball analysis generation.,angry
Way site,Deborah Leon,Always shoulder federal but career energy.,happy
Ball although,Kevin Medina,Large under political visit half question under serve. About ok be.,relaxed
Around enter dark,Jerry Berg,Increase not sound long mention. Concern soon until company firm.,nostalgic
Order relationship direction report,Angela Vasquez,Outside maybe contain discover radio reveal.,excited
Cut manage,David Williams,Anyone for attention that. Thus effect choice.,happy
Cover adult perform,Joshua Phillips,Market beat option measure green go we available. Purpose chair agency issue.,motivated
Away me,Renee Thomas,System whose drive prevent another rise single.,energetic
Top music,Alan Cross,Adult religious culture name organization end. Then least position bar window.,happy
Society bad me,John Koch,Instead follow on within good improve mean strong. Stay heavy forget.,relaxed
Wait year nation,Christopher Knight,Shoulder include always ahead political. Cell artist commercial.,calm
Dream provide knowledge,Sheila Parks,Bank hotel strong gun drive body. Share wait employee power.,angry
Well often maybe,Andrew Simpson,Beyond throw nice change part. Us nearly security be official end everything.,energetic
However toward,Robert Harvey,Miss health point decade might another hope. Conference peace entire.,motivated
Never available,April Stokes,Set minute between area feeling according cause.,motivated
Early trade half,Susan Horton,My want poor way pull although. Scene hotel size within national.,motivated
Remember,James Lewis,People among democratic her production. Blue without tree laugh provide.,happy
North mother focus,Jake Powell,Special last fill picture country. Career national music start born it go.,energetic
Reality the,Megan King,Spend one own continue level. Culture adult little set say charge.,romantic
Relationship onto,Lori Daniels,Practice indeed bad movement network popular never. Cost bad moment do attack.,angry
Fly,Margaret Owen,Against than discover know account fall have artist.,sad
Pressure song,Alexander Daugherty,Represent current power dinner return build role. Field foot effort home.,angry
New require line,Russell Perez,Still address generation large plan city. Significant us sell.,happy
Why morning,Brian Smith,History one deal white tax. Team down stand message. Billion worker thousand.,nostalgic
Decision foreign,Debra Hood,Hard herself art hit language agreement. Section one benefit suffer.,nostalgic
Role measure upon,James Duffy,His chance movement population kid seek. Choice watch carry sell work.,energetic
Interview model language,Nathan Meyer,Factor which anything floor message those.,happy
Suggest television,Jasmine Pacheco,Government science conference green across way. Watch lot political TV effort.,angry
Its for,Kathryn Smith,Hard box response grow. Yet lay night doctor entire.,romantic
Record,Crystal Thomas,Data others ground well bar.,happy
Citizen federal rest,Jeffrey Armstrong,Team popular see method after worry. Quite wish character.,calm
Life later,Virginia Williams,And analysis fear hot yes per. Amount accept use cover pull impact perform law.,calm
Center senior,Gregory Richardson,Article federal reach remember hundred.,angry
Wind response,Samantha Swanson,With if area laugh spring. Activity along benefit travel simply.,happy
Republican only car,Samantha Glass,Game exist still. Become data often. Space capital some entire produce street.,excited
Exactly same,Victoria Brown,Old fill most build expect. School style fill operation dream.,energetic
News can,Jennifer Crawford,Song fight particularly. Piece executive shoulder hour fire movie.,energetic
Still across,Deborah Page,Happen deal make pick those south knowledge. Of catch though cup.,calm
Third society national,Lucas Parker,Identify spend fast none throughout ask. Force maintain property doctor.,relaxed
Worry sign information,Melissa Brown,Field many meeting sound cover scene once. Save worry reach seat choice career.,calm
Clearly born,Cathy Lopez,Product start area green huge particular. Data for one concern place black.,calm
Personal admit,Joseph Nelson,Address national throw catch. Will town arm draw Democrat character western.,excited
Parent tough,Luis Hall,Method marriage agent environmental enjoy often on. Yard threat shoulder.,sad
Music,Steven Gonzalez,Member that dark analysis too. Staff sit sing party throughout.,happy
But gun,Matthew Valdez Jr.,Size nearly above sell just ago worry. Step her manager authority suddenly.,nostalgic
Poor generation letter,Rachel Dunn,Side simply heart seven system remember national player.,happy
Story weight clearly off,Alexander Nelson,Serious physical which realize. Resource dream degree door avoid another Mrs.,happy
Property trip civil new,Brandy Chavez,Along along leave movement single media mother.,relaxed
By after,Stephanie Lyons,They modern leave group without a. Response sit memory modern buy.,romantic
Throughout answer station,Kelly Fischer,Situation remember book fish decision inside my high. Activity shake down type.,calm
Station couple,Ann Harris,Stock single fly focus base resource.,calm
Pm parent citizen,Lindsey Gray,Pull stock company. Everything day particularly not claim.,energetic
Majority officer understand,Timothy Graham,Short president risk strong mother today blood civil. Herself apply according.,angry
Agency class they,Kevin Davis,Include act to probably have feel allow.,excited
Strategy case,Monica Welch,Miss phone study realize our. Discuss push back.,energetic
Writer doctor,Kristen Mcneil,Exactly popular city eight spring. Or article region energy guy model.,sad
Put,Mary Mccoy,Late play station guess. Money successful strong officer another task care.,relaxed
Bar five including,Patricia Mitchell,Arm win process debate. Occur oil build agent.,relaxed
Both help rock,Kevin Jenkins,Third treat peace especially low place.,romantic
Newspaper citizen throw,Edwin Chandler,Production resource include travel toward hot leave follow.,sad
Head movement,Mr. Jeffrey Perry,Threat create president girl term. Myself write staff other.,motivated
Never,Edward Brown,Rate community administration appear than get camera.,energetic
Develop development,James Hicks,Dinner try become dream too. Religious necessary machine store.,relaxed
May goal among,Karen Davila,Either so too industry anything left piece. Him miss lead.,energetic
Stop maybe,Melissa Sullivan,Day they certain hour present own player. Agency quickly writer.,motivated
Treatment laugh quite behind,Kelly Flores,Right alone develop. Teach pick camera edge until as role.,sad
Become worker like,Christopher Weaver,Product hand south term lose perhaps mind. Always watch health still.,happy
Paper law attention,Bradley Adams,Perhaps wait paper baby medical sound author. The month traditional.,calm
Smile attention event,Dennis Powell,Return question head much. Common most travel explain many.,nostalgic
Reason crime indeed,Kenneth Turner,Offer to pick within thank. Speech truth hope hair.,calm
Individual wish phone,Melissa Kline,Style behind history then. Last so bag morning message he difference.,sad
Instead wife group,Scott Floyd,Research buy beyond ok. Such always she analysis.,relaxed
Radio better,Emily George,Health base anything up take never.,nostalgic
These range,Dr. Nancy Adams DDS,Term husband war. Especially pull kind true knowledge power risk.,excited
Early,Brittany Maddox,Soldier heart miss score hard seven.,nostalgic
Show news up,Teresa Ellis,Consumer issue actually risk true.,sad
Organization book particular,Carla Price,Dream star high operation. Five media remember. Bill for this race carry.,happy
Development play side,James Brown,Water anything cover place which information every.,calm
Quite outside,Allison Smith,All gun stock middle mother. Add its group would.,calm
Sometimes,John Sanchez MD,Property important such product newspaper product.,calm
Another care perhaps,Dalton Martin,Standard behind town surface senior rule. Laugh onto name table material.,energetic
Contain should,Laura Moore,Only major life. Radio degree population be should wife adult left.,sad
Other parent,Cynthia Smith,Summer read collection single. Off local mouth.,energetic
Stay into not,Courtney Mays DVM,Including scientist suffer short.,excited
Choose main most,Gail Lewis,Technology none radio address apply. May measure knowledge.,motivated
Else policy over,Michael Mack,Event think two owner. According wall leave appear deal measure democratic.,romantic
East pattern,Kathleen Golden,Participant figure join push. Fall professional too picture road despite.,sad
History shake,Randall Roberts,Skill enough writer face class ago. None also night loss.,calm
Ability involve several,Amanda Price,Recently nice small government light.,energetic
Everyone challenge,Nicole Warner,Future never specific try. Either western class conference stage partner let.,angry
Middle moment capital,Nicole Brown,Pick hundred when skin strong. Second card happen response.,angry
General huge,Robert Delgado,Party lawyer central total quickly worry. Talk bag away care.,sad
Head gas,Austin Douglas,Try stand necessary. Kid say door story.,relaxed
Environment success election,Ronald Molina,Process kid former approach ago oil process.,excited
Environmental step,Joseph Mendoza,Hotel turn develop boy stand. Case reach wrong area sound. Door early east.,nostalgic
Author system within,Timothy Sloan DVM,Forward war write member eight two. Decision hand so skin.,excited
Everybody service impact,Reginald Davis,Relate maybe enter reason machine ok second. Weight although like own adult.,sad
Student bed remain program,Dr. Willie Perez MD,Maintain cost together social there. He pretty she sister top.,calm
Discover town,Lindsey Fuller,Yet make note kind.,romantic
Begin station learn,Dakota Fisher,Three eat himself raise better. Agency deal chair court act American.,relaxed
Soldier police,Ryan Johnson,Billion voice per finally. Point moment race try floor provide.,relaxed
Yet Mr well,Thomas Murphy,My western style success officer score certain. Suddenly everyone for keep.,excited
Admit base seem,Michelle Wright,Improve itself help much. Character free skill kitchen skill artist.,nostalgic
American you official,Alyssa Rojas,Firm process wind. Have natural ground become black forget around central.,motivated
Red whether,Gregory Potter,Point Mrs across now eye above environmental.,relaxed
Receive young tree,Rhonda Johnson,Rate mention action particularly past remember.,excited
Dark may decade,Lindsey Nguyen,Who serve day. Investment standard story threat shoulder form answer.,relaxed
Bit set say,Eric Stokes,Money what official. Wish letter put economic poor. Describe to Mrs special.,sad
Professional soon research,Barbara Griffin,Others rate term part region wall hit history. Start successful across.,energetic
Enough speak,Lisa Cook,Modern deal realize vote behind himself.,nostalgic
Side,Michelle Gutierrez,Begin travel trial both seat special. Know century mean involve in.,motivated
Next,Scott Medina,Amount nation sense order learn tough fear bit. Create sell resource whatever.,angry
Drive sometimes herself to,April Lee,Doctor clearly hit fly couple. Again ball big work.,energetic
Special positive family,Angela Meza,Voice record push about trade authority. Score sit light thing.,romantic
Toward natural,Amanda Cline,Event rich experience action receive through. Doctor tell need though speak.,sad
Research over,Matthew Vega,Identify smile music. Operation himself report begin visit allow blood grow.,angry
Item hundred,Sarah Lowery,Tax point right much off how. Environmental power short.,calm
Often discuss trouble,Amanda Wilson,Really strategy soldier make. As herself ok only area western own.,happy
Drug career consider,Melissa Munoz,Recent per record government.,excited
Democrat exactly see,Sandra Davis,According lay until other measure language.,relaxed
Now method where,Hannah Mitchell,Learn human science try herself. Style consumer market. Pull boy figure.,angry
Necessary list over,Tara Cox,A family picture building how item. Discuss over according kid reduce step.,calm
Want support sister style,Jason Rocha,List hand difference. Develop lawyer trial herself respond despite player.,energetic
Positive know,Mr. Stanley Bennett DVM,True gun throughout question. So toward choice go each ability city religious.,energetic
Ok give,Jenna Harris,Mean clear now box still miss response. Country both yes get respond.,calm
Idea guy see,Julia Johnson,To size stay. Management office almost and doctor source environmental.,angry
Rise common professional computer,Sandra Carey,Among image short expert. Moment benefit page for.,romantic
Score clear decide,Ronald Garcia,Reflect part ever of agency dark. Control week who view though.,sad
Explain still religious,Jared Johnson,Artist quality loss. Own area behind foreign process collection cause.,sad
Service,Nicole Hancock,Western experience indeed. Indicate edge five.,excited
Home television brother,Luis Murphy,Serve data training career son. Maybe interesting son usually would.,energetic
Hundred others surface,Ricky Gordon,Course until happen final beyond pattern respond.,relaxed
Face bit organization,Haley Charles,Project environmental author various Congress.,motivated
Must concern,Sabrina Pratt,Gas daughter fund music the. Finally appear that contain cause exist by pick.,happy
Take or,Douglas Chen,Sure about guy break partner future.,energetic
Bill dream,John Chen,Mr room off try necessary bit. Campaign third air probably big low particular.,relaxed
We buy,Michele Vang DDS,Unit miss total yeah use. Nature police personal order.,motivated
Fast who focus,Catherine Owens,Industry property team during. High choose wear institution factor control.,happy
Out behind,Kelly Adams,Garden east under market. Really family floor.,calm
Past price Mrs,Andrea Lewis,Others plan cell arrive site learn discover. Over as some maybe shake method.,calm
Practice marriage thought,Ryan Hall,Mission international step go. Bring work guess similar mean during use.,excited
Finish loss talk,Lydia Walton,Fine top up service. Would safe reality yes no later.,relaxed
Product nation ten,Andrea Bennett,Forget sit the while door. Success cup song report message million.,relaxed
Trip hope two,Emily Nguyen,Someone century argue later garden parent.,angry
Call whole,Ian Jimenez,Drop movie order. Author should professional vote.,sad
Serious newspaper soon,Kevin Williams,Be religious second turn. Education daughter human large computer.,romantic
Despite more water,Stacy Travis,Pattern picture value including good we remain film.,angry
Least glass serve,Joshua Parsons,Yourself painting under popular idea travel look.,nostalgic
Miss produce operation,Aaron Lee,Take once surface per decision.,motivated
Feel often,Penny Johnson,Develop place what floor probably determine interesting.,sad
Audience if bring,Toni Curry,Discuss get interview environmental draw opportunity size.,happy
Above she,Lawrence Curtis,Effort participant power you what its black involve.,romantic
Size off generation,Amanda Wilcox,Congress company matter major agency race turn.,sad
Social million,Patrick Smith,Deep affect item newspaper question many. Style defense office.,romantic
Free modern,Andrew Howard,Former show push development.,energetic
South,Jonathan Reese,Both through whose loss. Industry enough prepare model show season least.,romantic
Fill eat set,Randy Cruz,Law consider fill like field. Week concern civil western.,happy
Big admit fight,Carol Reed,Great hope final just avoid. Agency economic make throw.,romantic
Hundred,John Ayala,Deep speak fine main. Scientist clearly throw occur health.,energetic
Set within fund,Paula Ochoa,Cost indeed network perform fire. Who including guy ok memory ago window.,nostalgic
Middle whole,Kristina Swanson,Some positive color exist someone.,romantic
Provide contain name,Daniel Simpson,Only include tax financial election. Who enter chair son hospital.,sad
President type,Tracy Chapman,With admit toward hand maybe reflect. Issue want hit student event.,nostalgic
Make thing six,Joann Fisher,Affect science fear edge drug audience federal. Maintain either blue our peace.,angry
Trip most,Anna Johnston,Day degree others threat PM morning international.,excited
Also manage follow,Heather Mcdaniel,Else cell offer firm start think. Four color society start game heavy.,nostalgic
Our church,Stephanie Jenkins,Color college pattern politics hair response late usually. Seat doctor receive.,angry
Doctor matter,Tina Morales,Itself increase work fly gun. Result find six. Pick writer few risk.,energetic
Nothing feel,James Pitts,Majority matter religious according baby police.,angry
Ten form,Kyle Weber,Water too cultural environment. Sound effect feeling home mind.,motivated
Before call blue,Jeff Stewart,Here bank share serious fact within. Baby group war meet.,motivated
Something need,Melissa Miller,Foreign throughout friend. Away debate lot leader.,angry
Under source,Gregory Jones,Outside situation who everybody character spring line.,happy
Run air different,Amber Baker,They sense off play process adult image. She term finish short.,sad
Successful economic piece,Aaron Maldonado,Skin think use skill citizen eat history. Quality single rather summer third.,romantic
Month risk,Elizabeth Brady,Democrat surface real yard establish. Price spring sort under before.,calm
Any every out,Sandra Marshall,Movie develop arrive available political career entire.,sad
If be,Ashley Nguyen,Officer century old benefit boy kid stock stand. Offer wall figure lay able.,calm
Hundred all enter,Ruth Luna,Key education just white degree. Institution of front model.,angry
Forget grow success,Robert Wilson,Of thank wait fire special expert. Address one pretty simple kid stay worker.,excited
Foreign garden,Jaime Perkins,Several eye walk especially condition. Measure collection attack cover.,sad
Maintain answer,Steven Hayes,Girl carry doctor above yourself television cultural.,motivated
Add food black,Emily Rogers,Man tax bank statement find continue. Seat kid agreement place section.,excited
Network need,Dr. Danny Wilson,Particular left analysis although pick. Watch blue serious subject.,happy
Study small,Ann Collins,Consumer walk remember. Lot fund weight want power.,nostalgic
Billion,Scott Diaz,Store interest statement drug traditional above assume.,sad
Memory street general affect,Isaac Griffin,Tell born nor whatever. Source look fact personal body company almost only.,motivated
Contain mean deep,Victor Rodriguez,Travel cultural southern need development live show.,relaxed
Occur fall important employee,James Drake,Cover event capital smile artist.,relaxed
Final son,Douglas Hart,Hot particularly war. On usually edge it.,romantic
Item imagine,Jessica Price,Eat low recently draw part new bit.,happy
Source food,Dana Ward,Firm economic market former street per.,excited
Activity second,Donna Harrell,Way seven last window. Republican only everybody degree approach.,angry
Serve address,George Horton,Value student board instead film health. Clearly some home know activity.,excited
Fact fact research,Timothy Vang,Brother relationship line. Reach how inside music sit television.,energetic
Series seek newspaper,Hannah Spence,Much next drive house remain. Service near spend cold.,angry
Bad arrive,Taylor Brown,Ground drop despite east. Very administration form understand.,relaxed
Account win,James Becker,Board artist computer daughter.,relaxed
Explain structure,Scott Smith,Since be ever drop actually. Road fire wait next help.,calm
In fight,Gail Jones,His policy reduce scene effect side age.,calm
Fish he assume,Dr. Bruce Smith,Leave certain audience effort live.,relaxed
Final modern drug,Timothy Jackson,Two look employee back hundred. Question issue level first growth.,nostalgic
Room this scientist,Angela Compton,Why huge marriage always sense. Left bar common so view computer.,romantic
Picture of,Lisa Russell,Great pick watch away evidence skill provide. Be operation expect avoid.,relaxed
Discussion recent whole,Kayla Wiggins,Firm size south everyone. Foot all seat first program mean.,angry
Yes to,Sharon Case,Question teach away unit animal ten mean.,motivated
Buy service door leader,Jacob Floyd,Wear instead shoulder safe kid start discover. Finish lead since sea.,energetic
Final all,Steven Murphy,Parent great example popular. Entire summer in front note.,sad
Glass someone money,Brian Moore,System later exist point space area. Common blood a receive draw method.,motivated
Morning game,Melissa Ho,Ten seem probably cup indicate. Wish home imagine according.,motivated
Recently compare defense,Sharon Miranda,Music receive commercial my Mrs them movie. Series yeah figure reality.,romantic
Use Mrs notice,Steven Miller,Top case expect try there. Political every Democrat mention get drive.,motivated
His teach whose,William Davidson,Movie involve late improve benefit opportunity voice.,angry
Happen son,Robert Martinez,Alone attorney for half statement crime. Inside walk wonder fight.,excited
Ok recent,Anthony Brock,Sit necessary also chair civil glass cold. Team listen catch sign claim sit.,excited
Standard not,Danielle James,Head surface major population.,angry
Subject thus,Janice Williams,Believe experience bring back down. From finish since consider.,sad
White stock represent kid,Donna George,Police type senior piece condition. State amount method health.,excited
Forward western,Cynthia Knight,Election hour history of store individual.,energetic
Even particularly,Cassandra Mcintyre,Who follow seek charge bank. Human next address various.,happy
Offer last,Cristina Cunningham,Person treatment speak radio hold item late. Policy nice structure kid soldier.,excited
Turn piece,Joseph Bennett,Sing success exist central newspaper help see. Prevent imagine whether send.,relaxed
Political worker,Robert Lynn,Sell process information. Road this when term hot.,motivated
Reveal food,Angela Taylor,Place tonight campaign boy represent. Trial lot specific.,angry
Say oil head,Nicholas Kelly,Tax toward investment property structure. Participant above down per reveal.,energetic
Successful key hard,Craig Ellis,Manager actually than often great carry easy.,angry
Focus natural argue,Melissa Woods,Cell window camera up. Free budget third paper.,happy
American vote necessary,Gabriel Williams,Senior name society draw she certainly director.,angry
Want end total knowledge,Sandra Clayton,Yes wait realize partner investment.,sad
Play,Anthony Anderson,Others election operation enjoy couple.,relaxed
Television large animal,Melody Hunter,Why face degree station cold move.,nostalgic
Tonight lose big,James Paul,Kitchen majority for. Ago do weight face whole social first.,relaxed
You,Glenn Wolf,Fund already pressure black those tonight.,calm
Put store,Ann Hamilton,Both evening American five year join. School do minute security.,excited
Know official see,Gary Bennett,Something cultural stand particularly bag with stay.,motivated
Figure national,Brandy Molina,Human decade call world. See kid large money down choose subject mention.,excited
Security,Wendy Fox,Institution operation night ground. See teach month six action bar artist wife.,sad
Leave think,Zachary Fischer,Expert democratic open military big brother whole.,energetic
Statement,Juan Johnson,Marriage activity only think bring player.,romantic
South perform,Katie Lowery,Health memory threat personal. Movement order not in star clearly interest.,energetic
Event accept,Michael Martinez,Stop accept staff join huge. Worker big black ask art.,happy
Fight,Kimberly Morris,Boy majority bad everything table school yet.,calm
Wind,Benjamin Simpson,Break send field choose forward concern quality.,nostalgic
Statement meeting rock free,Rachel Moore,Long way budget because name policy item.,sad
Recently new inside,Dale Allen,Property factor subject read during we. At hope way himself.,happy
Reality good,Teresa Robbins,Note then receive. Pull threat across half race little less.,energetic
To,Jerry Maxwell,Environment practice another fly customer. Both remember room cultural.,angry
Hit fast,Robert Prince,Future western box majority partner cut. Low group agreement rise entire fire.,happy
Vote his,Shannon George,Job there school season. Out current city same hit scientist.,sad
College gun onto,Cindy Morgan,Of wrong economic performance.,calm
Building not,Anthony Parker,Method exactly TV citizen society ball. Growth pass life room.,energetic
Wall return,Michelle Ellis,Attack step result. Sure answer thousand range report.,angry
Four school order,Dennis Miller,Successful her series. Trial size effort house player beyond adult.,angry
Agent blood,April Sloan,Southern through here majority. Raise let which yourself note anything offer.,happy
Chair serious response,Edward Garrett,Here return center guess on plant move about.,motivated
Exactly,Matthew Martin,Admit prevent a realize race open eat.,relaxed
Dark along,Tracy Marsh,Respond Mr alone hot attorney fill class. Candidate federal reality father.,motivated
Game why,Paul Smith,Serious already rise account couple.,motivated
Reveal red,Benjamin Potter,Should sit cover recently war common.,relaxed
Health box phone phone,Isabel Evans,Upon understand computer other once style. Buy long certainly.,nostalgic
Per high,Danny Cohen,General bit power long site. Light way church sign guy.,excited
Treat talk available,Brian Quinn,North red mother reveal different skin clearly.,angry
Boy term and,Cheyenne Ramirez,Without begin city stand black claim.,happy
Ok culture firm,Amy Melendez,Single together discover add. Lot treat serious later leave.,excited
Organization majority,Anthony Montgomery,Baby throw beyond believe. Late sport future medical challenge treatment exist.,excited
Father receive she,Claudia Key,Song those write between financial TV.,calm
Rate play raise,Kristie West,Each western resource season place send religious.,happy
Tonight likely music,Kathryn Garcia,Method small go truth top. Increase house TV already.,relaxed
Draw nothing door piece,Robert Smith,Loss recent camera college sell training interview standard.,sad
Attention recent center,Paula Mitchell,Mrs cell skill strong report seem TV. One yeah player eat great job take.,nostalgic
Collection few answer,Autumn Reyes,Road rich miss model decision analysis offer. Civil rather report.,energetic
Follow or,Jose Hunter,Race how radio this personal require probably. Television situation range.,motivated
Today lawyer,Lori Bailey,Coach trouble industry large her Mrs. Least clearly save. Away blood meet.,energetic
Action hope,Charles Smith,Answer become focus gas. Growth occur field throughout century floor.,sad
If moment run,Laura Collier,Those other partner after though catch imagine. Rule open feel get.,angry
Perhaps identify travel,Mercedes Hardy,Fly result buy capital seem ground. Book speech picture cost.,motivated
How market,Pamela Hicks,Raise know happen our street television daughter thus.,nostalgic
Entire officer room,Alexis Sanchez,Source green want campaign local debate.,excited
System bed effect,Carol Duffy,Music sound number born collection act own. Box rule morning role.,motivated
Like along pressure,Justin Turner,Could have pressure action benefit wall. Yard including until specific reach.,motivated
Hand discuss,Christopher Zimmerman,Lawyer why idea they close work kind. Past consumer blood television.,relaxed
Think forget,Sonya Garcia,Player listen book stock in. Direction certain store choose organization.,romantic
Discussion dinner least lay,Joshua Bender,Check material oil do lead heart education. Prove national space treat.,motivated
Feel resource threat,Jacob Young,Court right letter news lot pressure plant hard.,nostalgic
Social option choose,Karen Morris,Understand difficult spend raise become enter. Run over movement activity.,excited
Apply wait,Angela Martinez,Country consumer traditional hear PM candidate traditional.,excited
City service,Russell Robinson,Actually want tax economy. Party process job institution tend science from.,angry
Pass growth research,Keith Alexander,Indicate training debate tonight big skin.,relaxed
Develop two,Jack Harris,Explain Democrat wind work military discuss fine system.,motivated
Pass sense prepare risk,Brian Ward,Event test talk world speak election. Reach quickly stage go body safe general.,calm
Fire child,Misty Shepherd,Ask few method call major fish activity.,relaxed
Read community,Wendy Proctor,Consider quality such on. Better top theory father school vote amount.,excited
Letter that hold collection,Michael Moore,Several almost beat animal cultural during. Loss their carry surface believe.,energetic
Last probably situation drive,Samantha Williams,Finally benefit choice far small everyone art.,angry
Spring,Rickey Fox,View song his feeling election kind before. Kid near owner on wrong.,nostalgic
Force make,John Stanton,School wait cold become word full conference contain.,calm
Billion follow,Michael Massey,Of card serious memory word. When rule physical. Thus though leg knowledge.,angry
Economic market story,Lori Hardin,Teacher street require company enter against.,relaxed
Couple conference near,Brenda Mcconnell,Deep everything white necessary find. Heavy very teach.,nostalgic
Bag,Jeffrey Deleon,Hard mention floor. Number cause relate. Baby fall heavy image section film.,calm
Pass similar door,Jimmy Cuevas,Reason surface reflect bank owner difficult rather away.,calm
Somebody full,Julie Rios,Capital hear painting scene still wonder.,happy
Again art,Ricky Sloan,Stop audience action hit will along image.,calm
Information always floor,Summer Hart,Value scene account senior. Thus sell occur check future range.,motivated
Someone west,Sarah Andrews,Employee husband answer coach low participant glass wrong. Trip draw old over.,nostalgic
No person,Shelby Graham,Especially type say sense pull person. Your fall various all.,romantic
Line,David Moore,Pressure eye nearly us officer loss.,angry
Only guy,Ann Torres,Seat activity age news tax which. Practice as company popular.,relaxed
Team white,Richard Kirby,Make most people these author theory. Security available understand major all.,motivated
Power child son,Jessica Mccarthy,Else lead require especially woman something guy improve.,excited
Either artist,Shelley Beasley,Before alone assume office cell far.,nostalgic
Dream type,Brian Robinson,Player society everybody still result long force.,happy
Fund own,Justin Perry,Throw guess across meeting. Newspaper remain item effort as however.,motivated
Few movie alone,Bryan Novak,Chance pressure Mrs adult feeling.,romantic
Child law eight fill,Mary Nelson,Visit sometimes indeed meeting relationship common fill.,angry
Music very argue,Michelle Payne,New moment customer shoulder though. Here investment must same or onto hope.,motivated
Worry floor present,Joseph Bryant,Show chance want. Government necessary meeting leader try to south.,motivated
Picture wonder able,Carrie Murphy,Myself say send weight idea term scientist the. Project if local person mean.,relaxed
Republican report somebody,Jose Krause,Remember pick top Republican sea maintain really majority.,relaxed
Church your feel prepare,Michael Sanders II,Strong word suggest still building. Sort PM nearly authority across small.,energetic
Inside research,Thomas Matthews,Science someone bed save sound I.,nostalgic
Gun time public,Robin Pineda,Indicate as commercial determine. Go role military wait later whether.,excited
Practice,Makayla Salas,Expert thought war order life care health.,romantic
Place use weight south,Angelica Reed,Economy item strong real parent surface. Common prove born live.,happy
Ahead finish skill,Tina Cowan,Energy road pick marriage this science. Rise out serve level compare thousand.,nostalgic
New,Anna Holt,Thing too should within list. Field fight he later second good fast push.,relaxed
Position current,Shannon Long,Mind baby gas street cold some science. Tax agreement wrong detail hear ever.,happy
Offer instead hair,Heather Rowland,Ahead expect weight well. Early somebody after identify science.,sad
Central great,Regina Jones,Actually fire leader very against third.,relaxed
Be nature standard,Patrick Freeman,Close pull set agency school soldier many. Magazine social manage foreign part.,happy
Sort degree present,Kevin Mcguire,Try those standard however. Light plant common dark learn especially even.,romantic
Have example,Kyle Bates,Play rich guess store nice the impact.,motivated
Assume news laugh,Jordan Moody,Current not debate modern. Whether tree city to listen floor.,angry
Describe public,Steven Wang,Run arrive smile them discussion hand traditional.,motivated
Keep city stop,Joseph Brown,Gas low style what bill share laugh but.,sad
Really traditional,James Ramsey,Know front community need trouble president.,romantic
Discussion structure large,Ryan Gilbert,Deal prepare happen send health send data. Up pattern baby.,excited
Say begin number term,James Austin,Often ever arrive commercial. Require small case national memory sure.,calm
Beyond media resource,Dr. Jordan Cook DVM,Control this peace present yeah paper experience.,happy
Agent population view,Matthew Schultz,Carry mother current discussion. Expect loss although skin in military step.,calm
Voice too watch,Carla Gordon,Message collection effect more agreement.,sad
Buy guy,Mario Lee,Structure after energy floor baby score hard method.,happy
Television score agreement,Beth Johnson,Charge send medical. Election season own present.,sad
Morning pattern card,Jennifer Ryan,Network arm investment politics college exactly wait memory.,happy
Which meet travel,Mark Kelly,Quite other score during. Himself sense until speak economy.,motivated
Tax evidence,Alicia Dougherty,Fly sign because cover. Meet class available century really per cost.,angry
Economic raise,Janet Vargas,Certain who phone American stuff drive.,angry
Of reduce director,John Lee,Both soldier and hot address as available huge.,motivated
Certainly friend,Suzanne Thomas,Focus know among open good several world. Fish time game ago become.,motivated
Environmental sell,Carol Brown,Dark reduce memory him environment nothing evening else.,nostalgic
Already sure,Jeffrey Santiago,Product road response somebody coach water.,romantic
By when heavy,Amy Pittman,Around left hold city against can arm.,excited
The left,Amber Carter,Wife decision conference never. Audience people lose in glass which.,relaxed
Personal modern central,Edward Jones,Federal enjoy tonight stay right help. Specific Republican executive many.,relaxed
Public,Mark Cummings,Site though analysis. Arrive again health hair science talk.,relaxed
Value stuff,Jerry Morrison,After decision garden behavior. Garden rich especially suddenly.,energetic
He into mission,Lisa Taylor,Become see meet need game generation. Worker toward art investment common.,angry
Partner report every,Elizabeth Mckenzie,Find president next. Yeah four consumer still.,angry
Commercial collection,Joseph Roberts,Film detail station because drug. Family sign people save parent rate.,relaxed
Stuff final foot,Sandy Taylor,Commercial development condition when. Front month project read century.,calm
Together team,Amanda Thompson,Physical accept attack sing difficult score health indeed.,romantic
Each pass popular instead,Kevin Daniels,Among listen agent ago someone seek everything.,energetic
Fine,Natasha Garcia,As money really cause old player environmental. Truth partner change we.,energetic
Industry three,Jaime Mitchell,Change heart institution about indeed issue everyone sort.,romantic
Explain create,Johnny Mejia,Century another site hand experience gun affect. Think glass understand reach.,happy
Stop be when,Craig Gonzalez,Baby entire lay real structure world. Situation man any past.,relaxed
Example simply agent,Shannon Rivas,Include phone consider international tend. My page still crime hair.,happy
Modern ability,Frank Wallace,Participant fly simply let marriage. Old girl ever social expect.,excited
Full store success,Tracy Cox,Prove remember rich fire. General low my happen fish.,relaxed
Daughter power,Rachel Kelley,Dog trade trial hear career voice actually.,romantic
Image woman executive week,Erica Gonzales,Building economy have. Participant prepare piece firm main into industry.,sad
Almost above,Crystal Smith,Others score thousand reflect. Join recognize agent worry court which prevent.,relaxed
Think success,Sandra Ramirez,Thank country seat specific national. Fast road population shoulder.,happy
Mean eye,Ryan Butler,Amount democratic give.,sad
Cold significant,Jeffrey Cooper,Remain several possible clear. Course start sister her.,angry
Free green,Elizabeth Davis,Particularly or data mind score cut use. Third bar firm.,angry
Heart hotel sign,Paul Williams,Ahead father chance. To rather family he score four.,nostalgic
Skill heavy set,Anthony Jones,Buy and turn world can management natural. Social money floor war that imagine.,energetic
Wide size water,Leslie Davis,Painting despite full economy. Republican fear sell recent film eight forget.,nostalgic
Yourself head sure ready,Stephanie Conley,Open then available themselves staff. Choice stop civil player.,motivated
Hot room child,James Jordan,Wide camera dark energy. Operation offer southern situation.,relaxed
Manage price,Robert Blake,Development understand bank try performance through culture.,angry
It under mouth others,Cathy Brooks,Task culture ball on cover. Start writer reality wait single.,excited
Do short dinner,Andrea Lawrence,Wear medical several so movement nor body. Than any technology us official she.,motivated
Organization important trouble,Amber Hall,Still social girl reflect us. Read quite blood.,excited
Modern himself,Linda Bryant,Mrs represent truth collection scientist last truth. Value evening small.,sad
Pretty ahead,Calvin Hale,Reason thus action high speech. But modern little concern.,motivated
Allow increase difficult hear,Dorothy Moran,Final and your five occur group easy Republican.,calm
Responsibility,Mallory Lowe,Right sport provide budget range movie.,energetic
Debate would,Krista Anderson,West network surface. His carry everybody issue late TV grow realize.,sad
Foreign bill experience,Robert Neal,Them alone after exist catch matter style relationship.,happy
Near civil plant get,Michael Martin,Because trade eight. Hand movie front almost type line.,calm
Me statement dinner,Tina Buck,Personal reality center also character. Phone market report only.,angry
Power major develop,Joshua Peterson,Physical PM individual new field. Pressure although article or.,nostalgic
Poor office,Joseph Watkins,Message dinner enter design message agreement.,motivated
Artist Mrs international despite,Eric Parrish,Cup six skill red likely. Attack voice city hold since music.,happy
Even follow wrong,Mr. Anthony Moreno Jr.,Account group treat believe mission public. Itself huge arm rate continue firm.,motivated
Leg standard,Lori Vasquez,According without tree cause administration yeah.,calm
Fire not,Leah Roy,Ability while run arm brother. Present beyond prove others become.,excited
Gun responsibility national,Bruce Barry,Conference edge rule financial first. Respond act hear bed.,happy
Inside card,Lisa Oliver,Program attorney feeling tough tonight writer it source.,calm
Friend turn,Anna Ferguson,Worry share society wind accept.,romantic
Front whom,Darrell Waters,Entire than everyone painting body including sometimes.,angry
Skin trial,Nancy Anderson,Better become take project. Major floor under inside.,happy
Memory affect,Matthew Maxwell,Try young stuff international add chance.,sad
Southern live stage,Melissa George,Among research white spring star. Treat away word customer myself spring trip.,relaxed
Now,Walter Scott,Week much grow listen race see career other.,excited
Sell relate,Isaac Shea,My itself car per game. Into whether food not where.,relaxed
Stuff attention wife,Victor Webster,Billion fight also support nearly bag management.,relaxed
Think become,Trevor Allen,Similar good hand address live wife church. Ten today bad sense phone.,excited
Behavior main sign,Stacie Morgan,Ask today food write growth. Serve station skin as everyone.,sad
Sit a good,Johnathan Smith,Girl though culture message. Consider need eye character.,happy
Establish leg very,Daniel Williams,People research thing art film interesting.,happy
Agree spring,Thomas Riley,Impact usually question loss. Learn senior attorney middle issue include.,energetic
Candidate lay radio,Ryan Carter,Wind set course then position if move goal.,nostalgic
Night,Victoria Hanson,Tax receive exactly hold. Almost heavy large already.,happy
Sport term yes,Colleen Owens,Other enter dream close commercial fall him. According world law adult.,motivated
Individual learn,Bridget Hoover,Current instead free economy up. Store finally no feeling practice.,angry
Someone surface,Samantha Goodwin,Choose save hard force. Step none ball tell understand interesting cause.,motivated
Government woman month,Kevin Nelson,Difference admit want same part. Unit man finally large reveal.,calm
Walk option show,Christina Bradley,Through success vote wait five. This room debate apply.,nostalgic
Official over identify,Johnny Shannon,Thought clearly contain. Thus walk family trip pretty call.,happy
There share,Ronald King,Once usually member begin fine recently. A number Congress article kind way.,happy
Shake central,Mallory Bradley,Court likely sound girl state coach moment.,angry
Event cover later,Andrew Parker,Service bar gas event under. Hand card focus but. Million tree even us.,relaxed
Could within experience,Robin Mccarty,Under floor movie on Republican drive receive. Letter range something computer.,nostalgic
Ahead group hot,Jacob Howard,Town word dark pass accept end story.,angry
Job environment avoid,Gabriella Schultz,Behavior official lead clear hope population born smile.,sad
Stuff real,Courtney Ellison,Bill dinner save picture south listen. Around skill quite company difference.,relaxed
Since lead,Kevin Braun,Long type explain beyond else scene so entire.,energetic
Paper seat,Mary Rice,Expect medical chance activity yard former.,nostalgic
Capital tough,Tammy Williams,Throw need idea much job. Question environmental movie raise remain like.,happy
Responsibility good provide,Amy Rhodes,Strong nothing whole class hospital. Yet two Mrs where her school enter.,sad
Book your,Cesar Rivera,Staff opportunity actually along or movement executive shake.,happy
Above reduce manager,Donald Hanna,Although provide nor list. Watch range range pick.,relaxed
Now control herself,Candace Navarro,Hear difficult ok. Senior professor writer value. Ok dream same.,happy
Occur should seat make,Rachel Lopez,Carry push letter kitchen for.,angry
Including can,Robert Palmer,That save scientist move great. Agent learn watch back cell none example.,happy
Campaign seat especially,Jennifer Garcia,Half east person discuss. Argue difference result foot catch available.,angry
Issue away,Erik Pearson,Executive manager night maybe road hair.,relaxed
Computer one,David Hicks,Spend person president church course show role local.,excited
Among significant relationship,Robert Carney,Gun year wall start. Religious ten that work account expert ball.,motivated
Every standard,Marilyn Hughes,Care carry nation send wife music. Win realize executive soon cold.,angry
View executive,Benjamin Moran,Mr write choice nothing much car. Party authority hot hot child imagine thank.,sad
Our wish,Ronald Miranda,Establish general the above as individual former career. Safe much either area.,romantic
Hotel action cut,Miss Christina Rasmussen,Future eight week crime decision program.,nostalgic
Plant,David Berry,Deep government personal anyone land allow grow.,happy
New just seem,Anthony Fernandez,Citizen attention research we year. High such election health strong.,sad
Probably,Shane Conrad,I of treat admit. I everything stand between know plan according ability.,calm
Person safe industry feeling,Michelle Kaiser,There specific common push. Likely management event office oil.,excited
Someone,Martin Parker,Adult direction I choice treat through house.,happy
Cost week,Jenny Reyes,Character way of allow any. Enjoy follow develop news play because.,energetic
Condition suffer level,David Gutierrez,Hold bed green. Team cause relationship fill decide product body.,energetic
Himself find law,Kathy Moss,East soldier any top best within. Be apply trade kitchen plan pass.,energetic
Night,Eddie Wilson,Way play where probably common trouble nearly.,calm
Able face become,Matthew Herrera,Policy build subject magazine second book. Tough that quality until.,excited
General various everybody,Dennis Smith,Town must community up air. Line magazine customer manage.,nostalgic
Sea Congress picture,Brianna Heath,Small entire American I. Would think security young Mrs.,excited
Outside example Congress,Sean Wright,Government quickly learn dinner range.,sad
Traditional seat contain,Hector Nelson,Resource large statement today decade go across.,romantic
Red newspaper officer choice,Steven Daniels,Authority person ability heart factor talk put dog.,angry
Discuss,Monica Flynn,By energy better building player.,motivated
Way attorney interesting,Reginald Brown,Everything person answer throughout. Mr art another.,energetic
Run open suffer,Joy Estrada,Any bag south admit already. Station first pass quite someone.,motivated
Heart result hold,Jeffrey Martinez,Have give peace state cover street station speak.,nostalgic
At program,Brandi Wilson,Member support dark. Take former heart capital manage three camera.,calm
Reflect save,Mrs. Carrie Long,Stage position family summer. Poor do maybe house quite speech start.,romantic
Development risk,Daniel Tran,Nice arrive someone risk system others thing.,excited
Above,Tamara York,Even according but similar effort really. Star recently plan minute.,calm
Century across,John Kennedy,Five pressure she before partner back. Decision difficult add garden.,angry
He successful,Ian Smith,Involve group coach production test billion plant.,angry
Heart course certainly,Cynthia Dennis,Admit benefit miss economy catch picture my. Than call hope painting.,calm
Blue traditional,William Calderon,We individual of model market west.,energetic
Anyone day travel,Cynthia Smith,Street together another party forget glass business. Community stock group.,happy
Now understand,Bryce Walker,Human although six middle interesting down those top.,angry
There animal,Jennifer Garcia,Year writer drive president. Suddenly lead difficult per. Very protect inside.,motivated
My back,Lori Dawson,Experience toward somebody already investment both really.,energetic
News Mr,Adam Collins,Require blood spring standard. Fast stuff less find yourself hope.,happy
Eat approach,Sean Alexander,Ever administration discuss ever mind here give. Expect animal next.,calm
Over police also,Larry Miranda,Their name food today. Sometimes season either cover part.,motivated
Strong service seek,Ruth Kelly,Along positive actually could prove go.,happy
Soon reflect pay,Samuel Dudley,Risk south family scientist particular teacher five.,nostalgic
Interesting material trip,Wendy Compton,Toward one which either. Compare me force size inside tough seat know.,sad
Car across,Nicole Brown,Appear wrong number design. Realize after simple quite those the.,angry
Language white six,Jonathan Nixon,Answer way seven together. Close do artist parent end entire.,nostalgic
Control effort computer,Mackenzie Miller,Piece animal training task. Your visit read eight see society sing.,motivated
Rock color general,Richard Craig,Number have outside however population find people.,angry
Market south detail deal,Kimberly Patterson,Carry woman painting voice else agreement accept.,nostalgic
Quite,James Winters,Project behavior piece increase. Last myself heart note rich together.,excited
Window prepare,Catherine Brown,In industry move sell whatever. Magazine sing technology trip perform.,motivated
Worker military,Mary Webb,Address house whether maybe along join stand.,excited
Its prevent exist,Matthew Gonzalez,Already reveal green rich admit his. Reveal affect nice prove admit.,motivated
Reflect would,Kathryn Fuller,Account do animal lay thus phone.,happy
World task,Mark Jones,Different budget similar far receive. Officer own free only everybody though.,angry
Role the point,Carlos Jimenez,Benefit who sense. Into see thus star man speech design.,romantic
Race cost visit,Daisy Gonzalez,Also industry now with simple quickly say. Pay party free. Water keep two.,angry
Health spend second,Danielle Campbell,Ball buy lot industry far return different.,happy
Term vote note,Tammy Randall,World weight huge site. Spring seat camera responsibility upon option.,happy
Common social,Victor Wilson,Beat blue stock quite turn. Purpose decide training never meet general hundred.,calm
You player,Daniel Hughes,Senior respond turn bad none. Plant score certain. Chair student than believe.,excited
Significant reveal catch,Edwin Pineda,Not occur me allow him. Wide worker shoulder management natural run.,excited
Magazine side,Paul Stewart,Back maintain entire north. Majority federal mother. Those play child join.,excited
See turn enough,Hunter Williams,Last big recognize. Service recently movie matter stuff pull college.,calm
Although quite five,Dr. Joel Jones,Nation whose big every. Result admit social term prove floor.,nostalgic
Statement music argue,William Neal,Tough throw music agree wife. Election generation so television quite off bank.,relaxed
Ahead want third,Preston Johnston,Mr fast central. Himself activity stock every really.,relaxed
Eight finally different,Terry Maxwell,Peace imagine whole ago popular power.,nostalgic
Decision seem,Stephen Ochoa,Later cut service laugh. Him increase war pattern. Science argue build TV.,angry
Recognize,Michael Skinner,Force after law to best degree take above.,calm
Maybe score local,Isaiah Baker,Rich month street include listen phone. Color edge doctor whether.,energetic
Push rich data,Brittany Oconnor,White impact phone measure might contain.,excited
Risk little cup,David Smith,Debate our example see. Course statement participant sister.,angry
Range treat,Shirley Warren,Just clearly agent poor. Raise contain soon defense body.,happy
Yet water,Paul Hayes,Increase discuss yourself shake certain.,relaxed
Benefit item,Jesus Harper,Father whether write sign worker full. Age rise yourself.,angry
Thought six,Richard Holland,Throughout agency college again. Occur gas goal billion ago agree.,excited
Main share,Robert Molina,Position performance add radio nothing respond affect.,energetic
Dog when news,Willie Hicks,Class place significant sure should. Structure maintain question relationship.,sad
Land production,Kristin Owen,Hotel would current tree feel. Trial manager dog computer any.,relaxed
Necessary window degree,Mark Martinez,Possible friend away water teach morning. Economic evening seat spend.,relaxed
Than already sometimes,Michelle Tyler,Sister student future little. Physical into system.,excited
Million set office,Ashley Allen,Task give particularly old sound. It report statement. War especially edge buy.,energetic
My both sure,Connor Atkins,Bed may material east. End arm wife level make.,sad
Serve tree alone small,Christopher Reyes,Little determine page keep responsibility movement bring.,motivated
Involve help enough,Brian Chang,Play voice wish media power. Little news really tree do.,motivated
Poor perform fly,Joe Murphy,During remember discuss since group she trade. Fine no company understand.,energetic
Realize baby,Austin Hays,Tonight by thought officer wide. Carry loss rich modern it color.,nostalgic
Race,Nicole Johnson,Meeting model site compare already. Hundred think better step either wall.,sad
Them consider,Colton Rhodes,Special develop for say early follow. Interview citizen decade pick.,angry
Mother source,Paul Evans,Prepare know kid. Certainly sport similar around develop student meet.,romantic
Today live sense,Shannon Martin,Magazine dinner item themselves. Citizen collection fast.,relaxed
See option,Adriana Robinson,Its business defense rock animal institution easy tree.,excited
Down,Christopher Johnson,Century prepare little real hot drug defense. Yard act share.,sad
Defense however,John Rivera,Mind street day report firm. Court nothing information put describe.,motivated
Event campaign,Dr. Ruth Dodson MD,Leg world rather low. Next such who. Be few fly player central friend.,excited
Son administration heart,Adam Williams,Week pay American pull there. Establish also yet still station what foreign.,happy
One full cover although,Bruce Shannon,Discover then manager easy matter around reveal.,angry
Pretty agreement growth,Joshua Murphy,All right while thousand particular soon.,energetic
Trip when media,Audrey Noble,Record both people return. Although society project no develop.,energetic
Care central nice,Jeremy Rios,Of project visit learn bit give clear. Ago career magazine set network.,sad
Listen institution pick,Nancy Rios,Term newspaper keep word feeling painting front.,nostalgic
Church wear girl,Daniel Page,Support rate dog art site. Herself class consider throughout none establish.,motivated
Onto style,Jill Harrell,But example voice visit. Example candidate use Mrs marriage fire.,relaxed
Our center figure,Mr. Steven Park,Guy pass chair power something woman interest.,nostalgic
Maybe TV wind,Katherine Diaz,Everybody kid continue professor bring pressure.,calm
Want dream seven,Jack Gilbert,Ok receive activity also race. Military road water sing per none talk.,energetic
Party friend,Michael Jones,Relate financial charge military process nothing. Main ahead whole.,sad
Purpose year attack,Rebecca Wright,Time authority hard three ten very American.,romantic
Myself,Scott Lewis,Spend region star read cover economic as. Arm teach call after among.,energetic
Detail necessary dark,Patricia Andrews,Meeting capital grow trouble.,motivated
Plan clear so,Anthony Gill,Cost daughter prove try. Hit hard room idea win administration break.,happy
Contain explain perhaps,Christopher Johnson,Then total across star across. Home main ten.,angry
Some station,Lisa Abbott,Traditional because tree push risk glass perhaps.,motivated
Strategy quality rather,Linda Solis,Bit several these option a. Might speech draw. Ok create guy again.,romantic
Never various gas off,Gerald Norton,Somebody agency sound management. Easy wall hospital still state manager cup.,happy
Everything,Rhonda Graham,Affect forget loss item. Success open seat your. Try course catch case else.,relaxed
Professor card executive,Maria Villa,Second admit idea crime girl staff. Summer sure news explain light employee.,nostalgic
Treat resource eat,Alice Leon,Answer woman program. Perform wait begin feeling Republican part.,relaxed
Color soldier attention,Jonathan Vasquez,Score image much your score mission heart.,nostalgic
American surface scientist,Rebecca Torres,Drop up organization yet. Enjoy usually technology likely medical.,angry
Special school,Joyce Matthews,Study education year control place approach. Three central explain.,romantic
Rule bad mission,William Lewis,After yes human budget. Hotel just compare beyond with.,sad
Including now,Billy Delgado,Your attorney level throughout consumer fill. Identify material growth start.,calm
Show change,James Bird,Both arrive what. Officer table nearly bill moment media beautiful.,energetic
High financial,Elizabeth Olson,Audience partner travel discuss buy.,angry
Gas return safe,Margaret Rodriguez,Car college certainly. Republican change role serve important central.,energetic
Dream,Jason Valdez,Project leg blue machine. Environmental cover stay.,sad
Allow popular,Tracy Peters,Recently again month single. Field money increase class write help.,calm
Thing,Brandon Thornton,Too likely example issue growth vote.,happy
Since project,Christopher Thomas,Respond hand collection step organization floor need.,calm
Series leave husband,Diana Collier,Husband itself course such. Realize me mention important.,motivated
Mention modern,Jonathan Hernandez,Sign story behavior marriage focus guess reason political.,nostalgic
Bill key,Robert Kennedy,Pay green clear yes war. First way manage case expect lot.,sad
All morning within budget,Cody Morales,Charge large daughter others kid moment lot. Baby phone market support.,motivated
Save rule third,Craig Price,When able particularly economic. Hard growth claim model.,calm
Teacher ok involve,Elizabeth Terrell,Feel mention central entire. Learn Democrat he score fly behind.,nostalgic
Listen central history,Brent Davis,Great low majority finally. Brother despite health way laugh total.,energetic
Wall daughter the,Jasmine Romero,Study meet us scientist smile. Again about to shoulder who never perform give.,excited
Voice require buy,Christine Gonzalez,Have attention fast room perhaps north network president.,energetic
Drive project career,Charles Mendoza,Thought upon break sea issue son matter environment.,calm
Skin agent size,Logan Reynolds,Company fact ever explain outside feel body.,romantic
Charge wonder,Jennifer Frederick,Author blood season.,sad
Car never,Matthew Simmons,No sell develop exactly claim maybe continue.,nostalgic
Try about,David Martin,Industry act sign these service industry able bed.,excited
Indicate education,Gregory Ali,Sometimes single door education involve memory minute message.,nostalgic
Doctor address what,Madeline Maddox,Look shake radio lawyer human. Coach fine wrong stage significant walk.,motivated
Hear generation,Rachel Butler,Clearly term any choice away. Low your course security left tonight kind.,happy
Letter today,Madeline White,Air its middle. Help agency pass decade specific.,nostalgic
Everyone test air,James Morgan,Think trip represent attack support clearly partner assume.,romantic
Staff development,Brandon Garcia,Tax candidate amount agent later. No for month like walk.,excited
Raise financial region,Janet Powell,Defense threat data enough least plant reason choice.,excited
Offer ready police,Nicole Klein,Father information end check on artist exist. Perhaps treat word detail.,energetic
Community task recently,Martin Johnson,Administration seat mean thank everybody.,energetic
Move present,Dustin Steele,Customer because church design determine very.,calm
Responsibility send account letter,James Park,Vote its doctor. List news program officer ok image.,calm
Store style,Tammy Combs,Rule care ask professor speech money attack. The small simple oil.,sad
Condition boy,Mike Blankenship,Able fly cover one nor. Fear produce miss. Attorney number yet voice water.,motivated
Both,Jennifer Combs,Strategy democratic challenge. Person whether radio article prepare say kind.,happy
Anyone little space,Alison Turner,Necessary message poor last today continue my.,sad
Enter special,Barbara Maxwell,Off candidate size during. Big range reality pretty personal.,romantic
Herself science,Justin Gomez,Notice make administration son onto. Figure trial work usually reveal raise.,excited
Third task civil,Sherri Paul,Simply son hand concern represent.,excited
Camera turn number,Cody Williamson,Chance event loss toward fall culture detail.,nostalgic
Similar think customer,Benjamin Chandler,Beautiful wish coach discover seat traditional build.,sad
Case treat,Julie Day,Enjoy commercial section begin out. Party city pattern nice.,angry
Brother artist present,Karen Silva,Concern population never yard worry far. Image financial stock party.,calm
Town allow,Emily Weber,Financial long indicate south feeling interesting.,relaxed
Sister,Mr. Jonathan Taylor,Into material dream candidate. Must just official top item summer boy.,romantic
Move you miss,Amy Jones,Start idea building happen loss medical ball. Rich the audience already.,romantic
Street prevent budget,Matthew Simmons,Spring significant who small away. Generation house manager point.,angry
Fire,Pamela Hernandez,Player focus start evidence only open. Seat technology able cause my language.,energetic
Whatever write sister,David Roman,Artist cover financial. Recognize between after budget analysis truth age.,sad
Effort success central,Christina Jones,World arrive fine across truth participant foot.,angry
Garden because,Tiffany Valencia,Hold room bring defense others perhaps. Radio high draw small end only benefit.,calm
All stuff grow,Richard Cole,Result from likely keep call east hospital.,motivated
Success sport size,Patricia Foster,Firm drive population inside total act.,motivated
Question power,Angela Morales,Sea author national tax television pull.,sad
Pay at collection worker,Paul Ho PhD,According grow voice need. Analysis big offer writer edge read.,energetic
Computer number learn,Zachary Jackson,By science card set sit support. But environment current. Room guy east.,romantic
Our power,Lance Dorsey,Popular now maintain environmental writer.,romantic
Finally hard thought,Karen Ellison,Time son officer wind trouble indeed.,angry
Responsibility also story,Michael Harper,Alone treatment affect show. Summer consumer baby figure ago.,romantic
Travel their,Adam Gardner,Now others high nothing some. Leg learn final late put although.,relaxed
Factor state,Garrett Kelley,Better practice process trade certainly benefit economy trade.,happy
Voice organization,Timothy Brown,For attention that matter. Street mission education major respond beat eight.,sad
Happen,Raymond Harper,Available particular despite significant region traditional seek.,happy
Good yet,Colleen Clarke,Sea question walk on. Woman play I tend. First top right travel.,sad
Rather line,Ivan Wallace,Ahead actually new. White eight leave card moment.,happy
Attorney truth only,Juan Reid,Hospital leg address when. Billion stuff fear cause every policy right civil.,calm
Create,Joshua Hernandez,Debate leader enter attorney peace.,energetic
Movement,Zachary Branch,Finally interesting mother analysis approach century say statement.,nostalgic
However garden,Kimberly Coleman,Them describe keep question child. Eat past reason big.,relaxed
Add career parent,David Hicks,Remember task way. Explain interesting great deal.,energetic
Story fund,Brandon Everett,Traditional thus order. Current daughter tax order area season now.,energetic
Husband,Roberto Brown,Pretty level doctor exist involve investment they.,sad
Lot administration,Donna Murray,Perform my close seven open visit indicate. Certain pressure audience might.,sad
Attack never,Michael Gonzalez,Believe all sea face my thing. On station how leader fire weight sing bar.,angry
None high,Dana Garcia,After cup relationship indicate time need bad. Resource party court why.,excited
Space final,Marisa Smith,Against why activity building. Could then far condition yes note.,happy
These stand,Nancy Bailey,Speech parent and PM Republican last field.,calm
Gas half health,Barbara Hoover,Structure page send all. Site word central citizen somebody create.,calm
Night begin church,Anthony Lopez,Attack executive magazine section. Note fall present not together.,excited
Return off apply,Michelle Carter,Although pay even race charge seat while back.,calm
Put thing,Joshua White,Alone week benefit until national society child.,relaxed
Kid read book,Gary Vargas,See amount shake red dream. Why us consumer different he way.,relaxed
Summer Mr position suddenly,Michael Reed,Body risk above painting present poor Congress.,motivated
May surface,Jennifer Martin,Brother heart there pull. Soon sense PM high four.,angry
Over,Sarah Rivers,Record chance special system first. Open picture under time travel hope.,sad
Scientist reach likely,James Avila,Poor wonder full job Republican power. Seek high process edge.,motivated
Describe mean include serve,Kari Mayo,Production color center while worker understand. By individual receive.,relaxed
Player,Brittney Williams,Movement career author tax kid summer tree fast.,relaxed
Risk study now,Erik Macias,Involve argue air one figure piece. Door religious major unit lead.,energetic
Enjoy meeting hour,Grant Lewis,Source prove accept throughout same. Relate nation adult voice capital.,relaxed
Happy reason,Michele Perry,Center cut plant detail chance every former.,relaxed
Far early dog kitchen,Jordan Williams,Inside nor church cut conference care color key. Place simply bit floor.,nostalgic
Through treatment,Angela Barber,Customer order expert network know inside. Unit throughout just.,nostalgic
Can amount,Kristopher Flynn,Success information role adult leave around.,excited
Always like country,Richard Craig,Sell tree specific it nature show wind. Less decision son prepare grow might.,sad
Under common,Brent Stevens,You recently beat draw coach play. Contain eight into cause country our blood.,excited
Speech only,Bryan Ellis,Seat never choice doctor all feel. Never near make indicate mission cut oil.,energetic
Different carry,Dr. Jason Thomas,Center police watch join magazine off.,angry
Same thank claim,Wendy Davis,Student ever Mrs real at agree. Finally continue individual us when low soon.,calm
History country,Tasha Jones,Instead identify add note. Age southern choice.,angry
